<?xml version="1.0" encoding="UTF-8"?>
<DEFECTS>
  <DEFECT>
    <SFA>
      <FILEPATH>c:\users\andy an\source\repos\fpcache\fpcache</FILEPATH>
      <FILENAME>lru.cpp</FILENAME>
      <LINE>3</LINE>
      <COLUMN>9</COLUMN>
    </SFA>
    <DEFECTCODE>26495</DEFECTCODE>
    <DESCRIPTION>Variable 'LRUItem::next' is uninitialized. Always initialize a member variable (type.6).</DESCRIPTION>
    <FUNCTION>LRUItem::{ctor}</FUNCTION>
    <DECORATED>??0LRUItem@@QEAA@V?$basic_string@DU?$char_traits@D@std@@V?$allocator@D@2@@std@@@Z</DECORATED>
    <FUNCLINE>3</FUNCLINE>
    <PATH></PATH>
  </DEFECT>
  <DEFECT>
    <SFA>
      <FILEPATH>c:\users\andy an\source\repos\fpcache\fpcache</FILEPATH>
      <FILENAME>lru.cpp</FILENAME>
      <LINE>3</LINE>
      <COLUMN>9</COLUMN>
    </SFA>
    <DEFECTCODE>26495</DEFECTCODE>
    <DESCRIPTION>Variable 'LRUItem::pre' is uninitialized. Always initialize a member variable (type.6).</DESCRIPTION>
    <FUNCTION>LRUItem::{ctor}</FUNCTION>
    <DECORATED>??0LRUItem@@QEAA@V?$basic_string@DU?$char_traits@D@std@@V?$allocator@D@2@@std@@@Z</DECORATED>
    <FUNCLINE>3</FUNCLINE>
    <PATH></PATH>
  </DEFECT>
</DEFECTS>