<?xml version="1.0" encoding="UTF-8"?>
<DEFECTS>
  <DEFECT>
    <SFA>
      <FILEPATH>c:\users\andy an\source\repos\fpcache\fpcache</FILEPATH>
      <FILENAME>tools.cpp</FILENAME>
      <LINE>96</LINE>
      <COLUMN>18</COLUMN>
    </SFA>
    <DEFECTCODE>26451</DEFECTCODE>
    <DESCRIPTION>Arithmetic overflow: Using operator '-' on a 4 byte value and then casting the result to a 8 byte value. Cast the value to the wider type before calling operator '-' to avoid overflow (io.2).</DESCRIPTION>
    <FUNCTION>stor</FUNCTION>
    <DECORATED>?stor@@YAHV?$basic_string@DU?$char_traits@D@std@@V?$allocator@D@2@@std@@AEA_K@Z</DECORATED>
    <FUNCLINE>86</FUNCLINE>
    <PATH></PATH>
  </DEFECT>
</DEFECTS>